"selected	followed	type	chr	position	gene	cdna	aa	softs	varfreq	igv	bio_impact				variant_id	varkey	counter"
"0	0	SNV	chr4	1807893	FGFR3	c.1953G>A	p.T651T	VC-	?	?	-	-	-	-	9	CHR4_1807894_G_A	0"
"0	0	SNV	chr4	55141054	PDGFRA	c.1701A>G	p.P567P	VC-	?	?	Probably Polymorphism	-	-	-	10	CHR4_55141055_A_G	0"
"0	0	SNV	chr4	55152039	PDGFRA	c.2472C>T	p.V824V	VC-	?	?	Probably Polymorphism	-	-	-	11	CHR4_55152040_C_T	0"
"0	0	SNV	chr5	149433595	-	-	-	VC-	?	?	-	-	-	-	15	CHR5_149433596_TG_GA	0"
"0	0	SNV	chr7	55249062	EGFR	c.2361G>A	p.Q787Q	VC-	?	?	Probably Polymorphism	-	-	-	17	CHR7_55249063_G_A	0"
"0	0	SNV	chr4	55980238	-	-	-	VC-	?	?	-	-	-	-	49	CHR4_55980239_C_T	0"
"0	0	SNV	chr5	112175769	APC	c.4479G>A	p.T1493T	VC-	?	?	-	-	-	-	50	CHR5_112175770_G_A	0"
"0	0	SNV	chr19	1220320	-	-	-	VC-	?	?	-	-	-	-	69	CHR19_1220321_T_C	0"
"0	0	SNV	chr1	97547830	-	-	-	VC-	?	?	-	-	-	-	90	CHR1_97547831_G_A	0"
"0	0	SNV	chr1	156848994	-	-	-	VC-	?	?	-	-	-	-	162	CHR1_156848995_C_T	0"
"0	0	SNV	chr2	25463482	-	-	-	VC-	?	?	-	-	-	-	213	CHR2_25463483_G_A	0"
"0	0	SNV	chr3	178922273	-	-	-	VC-	?	?	-	-	-	-	353	CHR3_178922274_C_A	0"
"0	0	SNV	chr5	67569745	-	-	-	VC-	?	?	-	-	-	-	413	CHR5_67569746_G_A	0"
"0	0	SNV	chr5	112162853	APC	c.1458T>C	p.Y486Y	VC-	?	?	Probably Polymorphism	-	-	-	416	CHR5_112162854_T_C	0"
"0	0	SNV	chr5	112176324	APC	c.5034G>A	p.G1678G	VC-	?	?	Unknown	-	-	-	417	CHR5_112176325_G_A	0"
"0	0	SNV	chr5	112176558	APC	c.5268T>G	p.S1756S	VC-	?	?	Probably Polymorphism	-	-	-	418	CHR5_112176559_T_G	0"
"0	0	SNV	chr5	112177170	APC	c.5880G>A	p.P1960P	VC-	?	?	Probably Polymorphism	-	-	-	419	CHR5_112177171_G_A	0"
"0	0	SNV	chr5	176523561	-	-	-	VC-	?	?	-	-	-	-	436	CHR5_176523562_C_A	0"
"0	0	SNV	chr5	176523596	-	-	-	VC-	?	?	-	-	-	-	437	CHR5_176523597_A_G	0"
"0	0	SNV	chr5	180043387	-	-	-	VC-	?	?	-	-	-	-	442	CHR5_180043388_G_A	0"
"0	0	SNV	chr6	117674086	-	-	-	VC-	?	?	-	-	-	-	509	CHR6_117674087_G_A	0"
"0	0	SNV	chr6	117686942	-	-	-	VC-	?	?	-	-	-	-	510	CHR6_117686943_A_T	0"
"0	0	SNV	chr6	117714345	-	-	-	VC-	?	?	-	-	-	-	513	CHR6_117714346_C_G	0"
"0	0	SNV	chr6	117724461	-	-	-	VC-	?	?	-	-	-	-	515	CHR6_117724462_C_A	0"
"0	0	SNV	chr6	117724498	-	-	-	VC-	?	?	-	-	-	-	516	CHR6_117724499_A_C	0"
"0	0	SNV	chr6	117725577	-	-	-	VC-	?	?	-	-	-	-	517	CHR6_117725578_T_A	0"
"0	0	SNV	chr7	55228052	-	-	-	VC-	?	?	-	-	-	-	600	CHR7_55228053_A_T	0"
"0	0	SNV	chr9	8389363	-	-	-	VC-	?	?	-	-	-	-	697	CHR9_8389364_C_G	0"
"0	0	SNV	chr9	8436702	-	-	-	VC-	?	?	-	-	-	-	698	CHR9_8436703_C_G	0"
"0	0	SNV	chr9	8465597	-	-	-	VC-	?	?	-	-	-	-	699	CHR9_8465598_A_G	0"
"0	0	SNV	chr9	8518394	-	-	-	VC-	?	?	-	-	-	-	702	CHR9_8518395_G_A	0"
"0	0	SNV	chr9	8521243	-	-	-	VC-	?	?	-	-	-	-	704	CHR9_8521244_C_T	0"
"0	0	SNV	chr9	21968198	-	-	-	VC-	?	?	-	-	-	-	705	CHR9_21968199_C_G	0"
"1	0	SNV	chr9	98209593	PTCH1	c.3944C>T	p.P1315L	VC+	0.5239	?	Probably Polymorphism	-	-	-	719	CHR9_98209594_G_A	0"
"0	0	SNV	chr9	139410423	-	-	-	VC-	?	?	-	-	-	-	740	CHR9_139410424_A_G	0"
"0	0	SNV	chr9	139418259	-	-	-	VC-	?	?	-	-	-	-	741	CHR9_139418260_A_G	0"
"0	0	SNV	chr10	96535123	-	-	-	VC-	?	?	-	-	-	-	757	CHR10_96535124_A_G	0"
"0	0	SNV	chr10	96541615	-	-	-	VC-	?	?	-	-	-	-	758	CHR10_96541616_G_A	0"
"0	0	SNV	chr10	96602621	-	-	-	VC-	?	?	-	-	-	-	759	CHR10_96602622_C_T	0"
"0	0	SNV	chr11	32449485	-	-	-	VC-	?	?	-	-	-	-	776	CHR11_32449486_C_T	0"
"0	0	SNV	chr11	32456693	-	-	-	VC-	?	?	-	-	-	-	777	CHR11_32456694_C_A	0"
"0	0	SNV	chr13	28883060	-	-	-	VC-	?	?	-	-	-	-	842	CHR13_28883061_G_A	0"
"0	0	SNV	chr13	49051480	-	-	-	VC-	?	?	-	-	-	-	845	CHR13_49051481_T_A	0"
"0	0	SNV	chr14	105242965	-	-	-	VC-	?	?	-	-	-	-	886	CHR14_105242966_T_C	0"
"0	0	SNV	chr15	88423462	-	-	-	VC-	?	?	-	-	-	-	904	CHR15_88423463_C_T	0"
"0	0	SNV	chr15	88679784	-	-	-	VC-	?	?	-	-	-	-	905	CHR15_88679785_G_A	0"
"0	0	SNV	chr16	68857288	-	-	-	VC-	?	?	-	-	-	-	941	CHR16_68857289_T_C	0"
"0	0	SNV	chr16	68857440	-	-	-	VC-	?	?	-	-	-	-	942	CHR16_68857441_T_C	0"
"0	0	SNV	chr17	29670189	-	-	-	VC-	?	?	-	-	-	-	973	CHR17_29670190_C_G	0"
"0	0	SNV	chr17	29679245	-	-	-	VC-	?	?	-	-	-	-	974	CHR17_29679246_G_A	0"
"0	0	SNV	chr19	1219273	-	-	-	VC-	?	?	-	-	-	-	1050	CHR19_1219274_G_A	0"
"0	0	SNV	chr19	10600441	-	-	-	VC-	?	?	-	-	-	-	1057	CHR19_10600442_G_C	0"
"0	0	SNV	chr19	18279637	-	-	-	VC-	?	?	-	-	-	-	1065	CHR19_18279638_T_C	0"
"0	0	SNV	chr20	36030938	-	-	-	VC-	?	?	-	-	-	-	1084	CHR20_36030939_G_C	0"
"0	0	SNV	chr22	42526560	-	-	-	VC-	?	?	-	-	-	-	1127	CHR22_42526561_GG_TC	0"
"0	0	SNV	chr22	42526566	-	-	-	VC-	?	?	-	-	-	-	1128	CHR22_42526567_G_A	0"
"0	0	SNV	chr22	42526572	-	-	-	VC-	?	?	-	-	-	-	1129	CHR22_42526573_T_G	0"
"0	0	SNV	chr22	42526579	-	-	-	VC-	?	?	-	-	-	-	1130	CHR22_42526580_G_C	0"
"0	0	INS	chr4	55962544	-	-	-	VC-	?	?	-	-	-	-	1152	CHR4_55962545_T_TG	0"
"0	0	SNV	chr5	67522721	PIK3R1	c.219C>T	p.Y73Y	VC-	?	?	Probably Polymorphism	-	-	-	1875	CHR5_67522722_C_T	0"
"0	0	INS	chr6	117631462	-	-	-	VC-	?	?	-	-	-	-	1915	CHR6_117631463_T_TTAA	0"
"0	0	SNV	chr11	94197259	-	-	-	VC-	?	?	-	-	-	-	2008	CHR11_94197260_A_G	0"
"1	1	SNV	chr11	94212047	MRE11A	c.94211901-6G>A	-	VC+	0.626	?	Probably Polymorphism	-	-	-	2009	CHR11_94212048_C_T	0"
"0	0	SNV	chr11	94225919	-	-	-	VC-	?	?	-	-	-	-	2010	CHR11_94225920_C_T	0"
"0	0	SNV	chr11	108151706	-	-	-	VC-	?	?	-	-	-	-	2013	CHR11_108151707_T_A	0"
"0	0	SNV	chr13	28609824	-	-	-	VC-	?	?	-	-	-	-	2030	CHR13_28609825_A_G	0"
"0	0	SNV	chr13	48919357	-	-	-	VC-	?	?	-	-	-	-	2035	CHR13_48919358_T_G	0"
"0	0	SNV	chr15	88576184	-	-	-	VC-	?	?	-	-	-	-	2057	CHR15_88576185_G_C	0"
"0	0	SNV	chr19	11113996	-	-	-	VC-	?	?	-	-	-	-	2115	CHR19_11113997_G_T	0"
"1	1	DEL	chr22	42524242	CYP2D6	c.776delA	p.R259Gfs*2	VC+	0.381	?	Damaging	-	-	-	2140	CHR22_42524243_CT_C	0"
"0	0	SNV	chr22	42526548	-	-	-	VC-	?	?	-	-	-	-	2141	CHR22_42526549_C_T	0"
"0	0	SNV	chr4	1805592	-	-	-	VC-	?	?	-	-	-	-	2801	CHR4_1805593_G_C	0"
"0	0	SNV	chr4	1806518	-	-	-	VC-	?	?	-	-	-	-	2803	CHR4_1806519_C_T	0"
"0	0	SNV	chr4	55133725	-	-	-	VC-	?	?	-	-	-	-	2808	CHR4_55133726_T_G	0"
"0	0	SNV	chr9	98229388	-	-	-	VC-	?	?	-	-	-	-	2904	CHR9_98229389_C_G	0"
"0	0	SNV	chr9	98231007	-	-	-	VC-	?	?	-	-	-	-	2906	CHR9_98231008_A_G	0"
"0	0	SNV	chr9	98238378	-	-	-	VC-	?	?	-	-	-	-	2908	CHR9_98238379_A_G	0"
"1	0	SNV	chr19	1222011	STK11	c.920 7G>C		VC+	0.457	?	Unknown	-	-	-	3026	CHR19_1222012_G_C	0"
"1	1	SNV	chr22	42526693	CYP2D6	c.100C>T	p.P34S	VC+	0.7057	?	Unknown	-	-	-	3074	CHR22_42526694_G_A	0"
"1	0	SNV	chr6	117725447	ROS1	c.433A>C	p.T145P	VC+	0.5378	?	Probably Polymorphism	-	-	-	3145	CHR6_117725448_T_G	0"
"0	0	SNV	chr6	117730818	-	-	-	VC-	?	?	-	-	-	-	3552	CHR6_117730819_G_A	0"
"0	0	SNV	chr6	117737389	-	-	-	VC-	?	?	-	-	-	-	3553	CHR6_117737390_G_A	0"
"0	0	SNV	chr9	135782220	-	-	-	VC-	?	?	-	-	-	-	3588	CHR9_135782221_T_C	0"
"1	0	SNV	chr9	135786903	TSC1	c.965T>C	p.M322T	VC+	0.601	?	Probably Polymorphism	-	-	-	3589	CHR9_135786904_A_G	0"
"0	0	SNV	chr22	42526570	-	-	-	VC-	?	?	-	-	-	-	3742	CHR22_42526571_C_G	0"
"1	1	SNV	chr4	55972945	KDR	c.1444T>C	p.C482R	VC+	0.5083	?	Unknown	-	-	-	3820	CHR4_55972946_A_G	0"
"0	0	SNV	chr9	8454565	-	-	-	VC-	?	?	-	-	-	-	3888	CHR9_8454566_T_C	0"
"0	0	SNV	chr9	135772716	-	-	-	VC-	?	?	-	-	-	-	3903	CHR9_135772717_G_A	0"
"0	0	SNV	chr11	32456297	-	-	-	VC-	?	?	-	-	-	-	3913	CHR11_32456298_G_A	0"
"0	0	SNV	chr22	24145674	-	-	-	VC-	?	?	-	-	-	-	3982	CHR22_24145675_G_C	0"
"0	0	SNV	chr16	23619234	-	-	-	VC-	?	?	-	-	-	-	6502	CHR16_23619235_A_C	0"
"1	0	SNV	chr16	23634292	PALB2	c.2993G>A	p.G998E	VC+	0.4826	?	Probably Polymorphism	-	-	-	6504	CHR16_23634293_C_T	0"
"1	1	SNV	chr16	23641460	PALB2	c.2014G>C	p.E672Q	VC+	0.5174	?	Probably Polymorphism	-	-	-	6506	CHR16_23641461_C_G	0"
"1	0	SNV	chr16	23646190	PALB2	c.1676A>G	p.Q559R	VC+	0.5139	?	Probably Polymorphism	-	-	-	6507	CHR16_23646191_T_C	0"
"0	0	SNV	chr7	106524688	-	-	-	VC-	?	?	-	-	-	-	7010	CHR7_106524689_C_T	0"
"0	0	SNV	chr9	8319805	-	-	-	VC-	?	?	-	-	-	-	7064	CHR9_8319806_C_T	0"
"0	0	SNV	chr2	47630549	-	-	-	VC-	?	?	-	-	-	-	14844	CHR2_47630550_C_G	0"
"1	1	SNV	chr6	117683820	ROS1	c.3326C>T	p.S1109L	VC+	0.5068	?	Probably Polymorphism	-	-	-	16580	CHR6_117683821_G_A	0"
"0	0	SNV	chr19	10610235	-	-	-	VC-	?	?	-	-	-	-	21712	CHR19_10610236_A_G	0"
"1	0	SNV	chr16	68771371	CDH1	c.48+6C>T	-	VC+	0.9836	?	Probably Polymorphism	-	-	-	27101	CHR16_68771372_C_T	0"
"0	0	SNV	chr19	10599835	-	-	-	VC-	?	?	-	-	-	-	28512	CHR19_10599836_G_C	0"
"0	0	SNV	chr5	67522850	-	-	-	VC-	?	?	-	-	-	-	31525	CHR5_67522851_A_C	0"
"0	0	SNV	chr13	32913054	BRCA2	c.4563A>G	p.L1521L	VC-	?	?	Probably Polymorphism	-	-	-	33901	CHR13_32913055_A_G	0"
"0	0	SNV	chr13	32915004	BRCA2	c.6513G>C	p.V2171V	VC-	?	?	-	-	-	-	33902	CHR13_32915005_G_C	0"
"0	0	SNV	chr13	32929386	BRCA2	c.7397T>C	p.V2466A	VC+	0.999	?	Potentially Damaging	-	-	-	33904	CHR13_32929387_T_C	0"
"0	0	SNV	chr13	32936645	-	-	-	VC-	?	?	-	-	-	-	33905	CHR13_32936646_T_C	0"
"0	0	SNV	chr13	32953387	-	-	-	VC-	?	?	-	-	-	-	33906	CHR13_32953388_T_C	0"
"0	0	SNV	chr13	32911887	BRCA2	c.3396A>G	p.K1132K	VC-	?	?	-	-	-	-	34145	CHR13_32911888_A_G	0"
"0	0	SNV	chr13	32929231	BRCA2	c.7242A>G	p.S2414S	VC-	?	?	-	-	-	-	34147	CHR13_32929232_A_G	0"
"0	0	SNV	chr6	18139213	-	-	-	VC-	?	?	-	-	-	-	37608	CHR6_18139214_G_A	0"
"0	0	SNV	chr17	29654875	-	-	-	VC-	?	?	-	-	-	-	54429	CHR17_29654876_T_A	0"
"1	0	SNV	chr9	139401232	NOTCH1	c.3836G>A	p.R1279H	VC+	0.6348	?	Unknown	-	-	-	54623	CHR9_139401233_C_T	0"
"0	0	SNV	chr5	112111313	-	-	-	VC-	?	?	-	-	-	-	56531	CHR5_112111314_A_T	0"
"0	0	SNV	chr3	10183735	-	-	-	VC-	?	?	-	-	-	-	60891	CHR3_10183736_C_T	0"
"0	0	INS	chr22	24145670	-	-	-	VC-	?	?	-	-	-	-	61022	CHR22_24145671_T_TC	0"
"0	0	SNV	chr11	94168953	-	-	-	VC-	?	?	-	-	-	-	61501	CHR11_94168954_A_T	0"
"0	0	DEL	chr16	23646140	-	-	-	VC-	?	?	-	-	-	-	71599	CHR16_23646141_TTCA_T	0"
"0	0	SNV	chr17	29663620	-	-	-	VC-	?	?	-	-	-	-	74531	CHR17_29663621_T_A	0"
"0	0	SNV	chr10	8115673	-	-	-	VC-	?	?	-	-	-	-	74594	CHR10_8115674_A_T	0"
"1	1	SNV	chr17	29508445	NF1	c.593C>T	p.A198V	VC+	0.1264	?	Unknown	-	-	-	74802	CHR17_29508446_C_T	0"
"0	0	DEL	chr6	117714485	-	-	-	VC-	?	?	-	-	-	-	75053	CHR6_117714486_TAAAAAAATA_TAAAAAAAT	0"
"0	0	DEL	chr6	117714485	ROS1	c.1165-2delT	-	VC+	0.2216	?	-	-	-	-	75054	CHR6_117714486_TAAAAAAATA_TAAAAAATA	0"
"0	0	INS	chr6	117714485	-	-	-	VC-	?	?	-	-	-	-	75385	CHR6_117714486_TAAAAAAATA_TAAAAAAATAA	0"
"0	0	SNV	chr1	11187892	-	-	-	VC-	?	?	-	-	-	-	86369	CHR1_11187893_T_C	0"
"0	0	SNV	chr1	97544770	-	-	-	VC-	?	?	-	-	-	-	86371	CHR1_97544771_T_C	0"
"0	0	SNV	chr1	147060344	-	-	-	VC-	?	?	-	-	-	-	86373	CHR1_147060345_A_G	0"
"0	0	SNV	chr1	150547746	-	-	-	VC-	?	?	-	-	-	-	86374	CHR1_150547747_G_A	0"
"0	0	SNV	chr1	204506106	-	-	-	VC-	?	?	-	-	-	-	86381	CHR1_204506107_C_T	0"
"0	0	SNV	chr1	204508548	-	-	-	VC-	?	?	-	-	-	-	86388	CHR1_204508549_T_G	0"
"0	0	SNV	chr2	25467507	-	-	-	VC-	?	?	-	-	-	-	86389	CHR2_25467508_T_C	0"
"0	0	DEL	chr3	47142906	-	-	-	VC-	?	?	-	-	-	-	86390	CHR3_47142907_TCC_T	0"
"0	0	SNV	chr3	182673195	-	-	-	VC-	?	?	-	-	-	-	86394	CHR3_182673196_C_T	0"
"0	0	SNV	chr4	55097834	-	-	-	VC-	?	?	-	-	-	-	86396	CHR4_55097835_G_C	0"
"0	0	SNV	chr4	55154249	-	-	-	VC-	?	?	-	-	-	-	86398	CHR4_55154250_T_C	0"
"0	0	INS	chr4	55529198	-	-	-	VC-	?	?	-	-	-	-	86399	CHR4_55529199_T_TA	0"
"0	0	SNV	chr4	55566265	-	-	-	VC-	?	?	-	-	-	-	86400	CHR4_55566266_G_A	0"
"0	0	SNV	chr4	55569041	-	-	-	VC-	?	?	-	-	-	-	86401	CHR4_55569042_C_A	0"
"0	0	SNV	chr4	66197803	-	-	-	VC-	?	?	-	-	-	-	86403	CHR4_66197804_C_T	0"
"0	0	SNV	chr4	66218727	-	-	-	VC-	?	?	-	-	-	-	86404	CHR4_66218728_C_T	0"
"0	0	SNV	chr4	66286087	-	-	-	VC-	?	?	-	-	-	-	86407	CHR4_66286088_G_A	0"
"0	0	SNV	chr4	66286099	-	-	-	VC-	?	?	-	-	-	-	86408	CHR4_66286100_T_C	0"
"0	0	DEL	chr4	66468045	-	-	-	VC-	?	?	-	-	-	-	86411	CHR4_66468046_TAA_TA	0"
"0	0	DEL	chr4	66468045	-	-	-	VC-	?	?	-	-	-	-	86412	CHR4_66468046_TAA_T	0"
"0	0	SNV	chr4	66509193	-	-	-	VC-	?	?	-	-	-	-	86413	CHR4_66509194_T_C	0"
"0	0	SNV	chr4	153267967	-	-	-	VC-	?	?	-	-	-	-	86414	CHR4_153267968_A_G	0"
"0	0	SNV	chr4	153303452	FBXW7	c.35G>A	p.G12D	VC+	0.0741	?	-	-	-	-	86415	CHR4_153303453_C_T	0"
"0	0	DEL	chr5	1260514	-	-	-	VC-	?	?	-	-	-	-	86416	CHR5_1260515_GCA_G	0"
"0	0	SNV	chr5	1265203	-	-	-	VC-	?	?	-	-	-	-	86417	CHR5_1265204_C_T	0"
"0	0	SNV	chr5	112164560	APC	c.1635G>A	p.A545A	VC-	?	?	Probably Polymorphism	-	-	-	86420	CHR5_112164561_G_A	0"
"1	1	SNV	chr5	112176755	APC	c.5465T>A	p.V1822D	VC+	0.9958	?	Probably Polymorphism	-	-	-	86421	CHR5_112176756_T_A	0"
"0	0	SNV	chr5	176517325	-	-	-	VC-	?	?	-	-	-	-	86422	CHR5_176517326_T_C	0"
"0	0	SNV	chr5	176517984	-	-	-	VC-	?	?	-	-	-	-	86423	CHR5_176517985_A_G	0"
"0	0	SNV	chr6	117639257	-	-	-	VC-	?	?	-	-	-	-	86424	CHR6_117639258_A_G	0"
"0	0	SNV	chr6	117687001	-	-	-	VC-	?	?	-	-	-	-	86430	CHR6_117687002_G_A	0"
"0	0	DEL	chr6	117704312	-	-	-	VC-	?	?	-	-	-	-	86431	CHR6_117704313_GGCGC_GGC	0"
"0	0	SNV	chr6	117704315	-	-	-	VC-	?	?	-	-	-	-	86432	CHR6_117704316_GC_TT	0"
"0	0	SNV	chr6	117715141	-	-	-	VC-	?	?	-	-	-	-	86433	CHR6_117715142_C_T	0"
"0	0	SNV	chr6	117730672	-	-	-	VC-	?	?	-	-	-	-	86434	CHR6_117730673_G_A	0"
"0	0	SNV	chr7	22767663	-	-	-	VC-	?	?	-	-	-	-	86435	CHR7_22767664_C_T	0"
"0	0	SNV	chr7	22768706	-	-	-	VC-	?	?	-	-	-	-	86437	CHR7_22768707_T_G	0"
"0	0	SNV	chr7	22770148	-	-	-	VC-	?	?	-	-	-	-	86438	CHR7_22770149_G_A	0"
"0	0	SNV	chr7	41801253	-	-	-	VC-	?	?	-	-	-	-	86439	CHR7_41801254_A_G	0"
"0	0	SNV	chr7	55172767	-	-	-	VC-	?	?	-	-	-	-	86441	CHR7_55172768_T_C	0"
"0	0	SNV	chr7	55186455	-	-	-	VC-	?	?	-	-	-	-	86442	CHR7_55186456_A_C	0"
"0	0	SNV	chr7	55254804	-	-	-	VC-	?	?	-	-	-	-	86443	CHR7_55254805_A_G	0"
"0	0	SNV	chr7	116412120	-	-	-	VC-	?	?	-	-	-	-	86447	CHR7_116412121_T_G	0"
"0	0	SNV	chr9	98221860	-	-	-	VC-	?	?	-	-	-	-	86452	CHR9_98221861_T_C	0"
"0	0	SNV	chr9	135777120	-	-	-	VC-	?	?	-	-	-	-	86453	CHR9_135777121_A_G	0"
"0	0	SNV	chr9	135781562	-	-	-	VC-	?	?	-	-	-	-	86454	CHR9_135781563_G_A	0"
"0	0	SNV	chr9	135782025	-	-	-	VC-	?	?	-	-	-	-	86455	CHR9_135782026_C_A	0"
"0	0	SNV	chr9	139391437	-	-	-	VC-	?	?	-	-	-	-	86456	CHR9_139391438_G_T	0"
"0	0	SNV	chr10	8111408	-	-	-	VC-	?	?	-	-	-	-	86461	CHR10_8111409_C_T	0"
"0	0	SNV	chr10	96580201	-	-	-	VC-	?	?	-	-	-	-	86462	CHR10_96580202_C_G	0"
"0	0	SNV	chr10	123262968	-	-	-	VC-	?	?	-	-	-	-	86463	CHR10_123262969_A_G	0"
"0	0	SNV	chr10	123271138	-	-	-	VC-	?	?	-	-	-	-	86464	CHR10_123271139_A_G	0"
"0	0	SNV	chr10	123284054	-	-	-	VC-	?	?	-	-	-	-	86465	CHR10_123284055_C_T	0"
"1	1	SNV	chr11	314206	IFITM1	c.37C>G	p.P13A	VC+	0.9364	?	Unknown	-	-	-	86466	CHR11_314207_C_G	0"
"0	0	SNV	chr11	35241988	-	-	-	VC-	?	?	-	-	-	-	86471	CHR11_35241989_T_C	0"
"0	0	SNV	chr11	69456942	-	-	-	VC-	?	?	-	-	-	-	86472	CHR11_69456943_G_C	0"
"0	0	SNV	chr11	94179124	-	-	-	VC-	?	?	-	-	-	-	86473	CHR11_94179125_T_C	0"
"0	0	SNV	chr11	94197288	-	-	-	VC-	?	?	-	-	-	-	86474	CHR11_94197289_C_T	0"
"0	0	DEL	chr11	108196711	-	-	-	VC-	?	?	-	-	-	-	86477	CHR11_108196712_CATT_C	0"
"0	0	SNV	chr12	69208577	-	-	-	VC-	?	?	-	-	-	-	86479	CHR12_69208578_A_C	0"
"0	0	DEL	chr12	69217909	-	-	-	VC-	?	?	-	-	-	-	86480	CHR12_69217910_AAC_A	0"
"0	0	SNV	chr12	133233704	-	-	-	VC-	?	?	-	-	-	-	86482	CHR12_133233705_T_C	0"
"0	0	SNV	chr13	28584743	-	-	-	VC-	?	?	-	-	-	-	86485	CHR13_28584744_T_C	0"
"0	0	SNV	chr13	28589266	-	-	-	VC-	?	?	-	-	-	-	86486	CHR13_28589267_C_T	0"
"0	0	SNV	chr13	28595608	-	-	-	VC-	?	?	-	-	-	-	86487	CHR13_28595609_C_T	0"
"0	0	SNV	chr13	28642033	-	-	-	VC-	?	?	-	-	-	-	86488	CHR13_28642034_A_G	0"
"0	0	SNV	chr13	28644829	-	-	-	VC-	?	?	-	-	-	-	86489	CHR13_28644830_A_G	0"
"0	0	SNV	chr13	28882947	-	-	-	VC-	?	?	-	-	-	-	86490	CHR13_28882948_G_A	0"
"0	0	SNV	chr13	28885739	FLT1	c.3622T>C	p.S1208P	VC-	?	?	-	-	-	-	86491	CHR13_28885740_A_G	0"
"0	0	SNV	chr13	32890571	-	-	-	VC-	?	?	-	-	-	-	86492	CHR13_32890572_G_A	0"
"0	0	SNV	chr13	32900359	-	-	-	VC-	?	?	-	-	-	-	86494	CHR13_32900360_C_T	0"
"0	0	SNV	chr13	32906866	BRCA2	c.1252T>C	p.S418P	VC-	?	?	Unknown	-	-	-	86495	CHR13_32906867_T_C	0"
"0	0	SNV	chr13	32912298	BRCA2	c.3807T>C	p.V1269V	VC-	?	?	-	-	-	-	86496	CHR13_32912299_T_C	0"
"0	0	SNV	chr13	32920843	-	-	-	VC-	?	?	-	-	-	-	86497	CHR13_32920844_T_C	0"
"0	0	SNV	chr13	48878270	-	-	-	VC-	?	?	-	-	-	-	86498	CHR13_48878271_T_C	0"
"0	0	INS	chr13	48878290	-	-	-	VC-	?	?	-	-	-	-	86499	CHR13_48878291_G_GA	0"
"0	0	SNV	chr13	48878291	-	-	-	VC-	?	?	-	-	-	-	86500	CHR13_48878292_G_A	0"
"0	0	SNV	chr13	49033746	-	-	-	VC-	?	?	-	-	-	-	86506	CHR13_49033747_G_A	0"
"0	0	SNV	chr13	114527771	-	-	-	VC-	?	?	-	-	-	-	86509	CHR13_114527772_C_T	0"
"0	0	SNV	chr13	114527837	-	-	-	VC-	?	?	-	-	-	-	86510	CHR13_114527838_G_A	0"
"0	0	SNV	chr13	114527850	-	-	-	VC-	?	?	-	-	-	-	86511	CHR13_114527851_C_G	0"
"0	0	SNV	chr13	114537799	-	-	-	VC-	?	?	-	-	-	-	86513	CHR13_114537800_A_G	0"
"0	0	SNV	chr14	20945487	-	-	-	VC-	?	?	-	-	-	-	86516	CHR14_20945488_T_C	0"
"0	0	SNV	chr14	105256580	-	-	-	VC-	?	?	-	-	-	-	86519	CHR14_105256581_T_C	0"
"0	0	SNV	chr15	99210830	-	-	-	VC-	?	?	-	-	-	-	86523	CHR15_99210831_C_T	0"
"0	0	SNV	chr15	99338367	-	-	-	VC-	?	?	-	-	-	-	86524	CHR15_99338368_T_G	0"
"0	0	INS	chr15	99338367	-	-	-	VC-	?	?	-	-	-	-	86525	CHR15_99338368_T_TAAAG	0"
"0	0	SNV	chr16	23625462	-	-	-	VC-	?	?	-	-	-	-	86527	CHR16_23625463_A_T	0"
"0	0	SNV	chr16	23640466	-	-	-	VC-	?	?	-	-	-	-	86528	CHR16_23640467_G_A	0"
"0	0	SNV	chr17	7578114	-	-	-	VC-	?	?	-	-	-	-	86530	CHR17_7578115_T_C	0"
"0	0	SNV	chr17	7578372	TP53	c.557A>G	p.D186G	VC-	?	?	Unknown	-	-	-	86531	CHR17_7578373_T_C	0"
"0	0	SNV	chr17	7578644	-	-	-	VC-	?	?	-	-	-	-	86532	CHR17_7578645_C_T	0"
"0	0	SNV	chr17	29508774	-	-	-	VC-	?	?	-	-	-	-	86536	CHR17_29508775_G_A	0"
"0	0	SNV	chr17	29541436	-	-	-	VC-	?	?	-	-	-	-	86539	CHR17_29541437_T_C	0"
"0	0	SNV	chr17	29653292	-	-	-	VC-	?	?	-	-	-	-	86543	CHR17_29653293_T_C	0"
"0	0	SNV	chr17	29664828	-	-	-	VC-	?	?	-	-	-	-	86544	CHR17_29664829_T_C	0"
"0	0	SNV	chr17	38563709	-	-	-	VC-	?	?	-	-	-	-	86546	CHR17_38563710_C_G	0"
"0	0	SNV	chr17	41226393	-	-	-	VC-	?	?	-	-	-	-	86547	CHR17_41226394_C_T	0"
"0	0	SNV	chr17	41251930	-	-	-	VC-	?	?	-	-	-	-	86548	CHR17_41251931_G_A	0"
"0	0	SNV	chr17	56798206	-	-	-	VC-	?	?	-	-	-	-	86549	CHR17_56798207_T_C	0"
"0	0	SNV	chr17	78867732	-	-	-	VC-	?	?	-	-	-	-	86552	CHR17_78867733_A_G	0"
"1	0	SNV	chr19	1207090	STK11	c.179A>C	p.Y60S	VC+	0.2304	?	Probably Polymorphism	-	-	-	86553	CHR19_1207091_A_C	0"
"0	0	SNV	chr19	10602179	-	-	-	VC-	?	?	-	-	-	-	86554	CHR19_10602180_A_C	0"
"0	0	SNV	chr19	11106910	SMARCA4	c.1616G>A	p.R539H	VC+	0.1277	?	-	-	-	-	86555	CHR19_11106911_G_A	0"
"0	0	SNV	chr19	50909388	-	-	-	VC-	?	?	-	-	-	-	86557	CHR19_50909389_T_G	0"
"0	0	SNV	chr19	50919796	-	-	-	VC-	?	?	-	-	-	-	86558	CHR19_50919797_C_T	0"
"0	0	SNV	chr20	52186783	-	-	-	VC-	?	?	-	-	-	-	86560	CHR20_52186784_A_G	0"
"0	0	SNV	chr20	52193539	ZNF217	c.1763G>T	p.G588V	VC-	?	?	-	-	-	-	86561	CHR20_52193540_C_A	0"
"0	0	SNV	chr21	36952886	-	-	-	VC-	?	?	-	-	-	-	86562	CHR21_36952887_C_A	0"
"0	0	SNV	chr22	24145726	-	-	-	VC-	?	?	-	-	-	-	86567	CHR22_24145727_C_T	0"
"0	0	SNV	chr22	42523408	-	-	-	VC-	?	?	-	-	-	-	86568	CHR22_42523409_G_T	0"
"0	0	SNV	chr22	42524707	-	-	-	VC-	?	?	-	-	-	-	86570	CHR22_42524708_T_C	0"
"0	0	SNV	chr22	42524712	-	-	-	VC-	?	?	-	-	-	-	86571	CHR22_42524713_C_G	0"
"0	0	SNV	chr22	42524742	-	-	-	VC-	?	?	-	-	-	-	86572	CHR22_42524743_G_A	0"
"0	0	SNV	chr22	42524794	-	-	-	VC-	?	?	-	-	-	-	86573	CHR22_42524795_A_G	0"
"0	0	SNV	chr22	42526483	-	-	-	VC-	?	?	-	-	-	-	86574	CHR22_42526484_A_C	0"
"0	0	INS	chr1	150547744	-	-	-	VC-	?	?	-	-	-	-	86575	CHR1_150547745_C_CA	0"
"0	0	SNV	chr2	47656800	-	-	-	VC-	?	?	-	-	-	-	86577	CHR2_47656801_G_A	0"
"0	0	SNV	chr2	47693787	-	-	-	VC-	?	?	-	-	-	-	86578	CHR2_47693788_A_T	0"
"0	0	SNV	chr2	47693958	-	-	-	VC-	?	?	-	-	-	-	86579	CHR2_47693959_G_A	0"
"0	0	SNV	chr2	58388695	-	-	-	VC-	?	?	-	-	-	-	86580	CHR2_58388696_A_G	0"
"0	0	SNV	chr2	58392788	-	-	-	VC-	?	?	-	-	-	-	86581	CHR2_58392789_T_C	0"
"0	0	DEL	chr2	58392798	-	-	-	VC-	?	?	-	-	-	-	86582	CHR2_58392799_TATTT_T	0"
"0	0	DEL	chr2	58392798	-	-	-	VC-	?	?	-	-	-	-	86583	CHR2_58392799_TATTT_TT	0"
"0	0	INS	chr4	55559852	-	-	-	VC-	?	?	-	-	-	-	86587	CHR4_55559853_C_CAT	0"
"0	0	SNV	chr4	66535283	-	-	-	VC-	?	?	-	-	-	-	86590	CHR4_66535284_G_A	0"
"0	0	SNV	chr5	112177243	APC	c.5953G>A	p.E1985K	VC-	?	?	-	-	-	-	86598	CHR5_112177244_G_A	0"
"0	0	SNV	chr7	6426940	-	-	-	VC-	?	?	-	-	-	-	86604	CHR7_6426941_C_T	0"
"0	0	SNV	chr7	6431689	-	-	-	VC-	?	?	-	-	-	-	86605	CHR7_6431690_C_T	0"
"0	0	SNV	chr7	55156074	-	-	-	VC-	?	?	-	-	-	-	86606	CHR7_55156075_G_A	0"
"0	0	SNV	chr7	55248925	-	-	-	VC-	?	?	-	-	-	-	86607	CHR7_55248926_T_C	0"
"0	0	SNV	chr9	35079360	-	-	-	VC-	?	?	-	-	-	-	86618	CHR9_35079361_G_T	0"
"0	0	SNV	chr11	35253271	-	-	-	VC-	?	?	-	-	-	-	86623	CHR11_35253272_C_T	0"
"0	0	SNV	chr11	69465680	-	-	-	VC-	?	?	-	-	-	-	86624	CHR11_69465681_A_G	0"
"0	0	SNV	chr12	58145155	-	-	-	VC-	?	?	-	-	-	-	86627	CHR12_58145156_C_T	0"
"0	0	SNV	chr12	133202214	-	-	-	VC-	?	?	-	-	-	-	86630	CHR12_133202215_G_A	0"
"0	0	SNV	chr12	133208885	-	-	-	VC-	?	?	-	-	-	-	86631	CHR12_133208886_C_T	0"
"0	0	SNV	chr12	133208978	POLE	c.6252A>G	p.S2084S	VC-	?	?	-	-	-	-	86632	CHR12_133208979_T_C	0"
"0	0	SNV	chr12	133210984	-	-	-	VC-	?	?	-	-	-	-	86633	CHR12_133210985_C_T	0"
"0	0	SNV	chr12	133214767	-	-	-	VC-	?	?	-	-	-	-	86634	CHR12_133214768_A_G	0"
"0	0	SNV	chr12	133218723	-	-	-	VC-	?	?	-	-	-	-	86635	CHR12_133218724_C_T	0"
"0	0	SNV	chr12	133219830	POLE	c.4530A>G	p.A1510A	VC-	?	?	-	-	-	-	86636	CHR12_133219831_T_C	0"
"0	0	SNV	chr12	133225445	-	-	-	VC-	?	?	-	-	-	-	86640	CHR12_133225446_G_T	0"
"0	0	SNV	chr12	133235999	POLE	c.3156G>A	p.T1052T	VC-	?	?	-	-	-	-	86641	CHR12_133236000_C_T	0"
"0	0	SNV	chr12	133250117	-	-	-	VC-	?	?	-	-	-	-	86644	CHR12_133250118_C_T	0"
"0	0	SNV	chr13	28609845	-	-	-	VC-	?	?	-	-	-	-	86645	CHR13_28609846_A_T	0"
"0	0	SNV	chr13	48916894	-	-	-	VC-	?	?	-	-	-	-	86648	CHR13_48916895_C_T	0"
"0	0	SNV	chr13	114556576	-	-	-	VC-	?	?	-	-	-	-	86649	CHR13_114556577_A_G	0"
"0	0	SNV	chr13	114559521	-	-	-	VC-	?	?	-	-	-	-	86650	CHR13_114559522_C_T	0"
"0	0	SNV	chr13	114565521	-	-	-	VC-	?	?	-	-	-	-	86651	CHR13_114565522_G_A	0"
"0	0	SNV	chr14	105242830	-	-	-	VC-	?	?	-	-	-	-	86654	CHR14_105242831_C_T	0"
"0	0	SNV	chr14	105243219	-	-	-	VC-	?	?	-	-	-	-	86655	CHR14_105243220_G_A	0"
"0	0	SNV	chr14	105253580	-	-	-	VC-	?	?	-	-	-	-	86656	CHR14_105253581_G_A	0"
"0	0	SNV	chr19	1207237	-	-	-	VC-	?	?	-	-	-	-	86666	CHR19_1207238_G_T	0"
"0	0	DEL	chr19	30304253	-	-	-	VC-	?	?	-	-	-	-	86673	CHR19_30304254_CAGTT_C	0"
"0	0	SNV	chr22	42524695	-	-	-	VC-	?	?	-	-	-	-	86686	CHR22_42524696_T_C	0"
"1	1	SNV	chr22	42524946	CYP2D6	c.506-1G>A	-	VC+	0.5948	?	Damaging	-	-	-	86688	CHR22_42524947_C_T	0"
"0	0	SNV	chr7	22767870	-	-	-	VC-	?	?	-	-	-	-	86724	CHR7_22767871_T_C	0"
"0	0	SNV	chr9	8500689	-	-	-	VC-	?	?	-	-	-	-	86727	CHR9_8500690_T_A	0"
"0	0	SNV	chr13	48878290	-	-	-	VC-	?	?	-	-	-	-	86744	CHR13_48878291_G_A	0"
"0	0	SNV	chr15	41001186	-	-	-	VC-	?	?	-	-	-	-	86752	CHR15_41001187_T_G	0"
"0	0	SNV	chr15	88727335	-	-	-	VC-	?	?	-	-	-	-	86755	CHR15_88727336_C_G	0"
"0	0	SNV	chr19	11106789	-	-	-	VC-	?	?	-	-	-	-	86769	CHR19_11106790_T_C	0"
"0	0	SNV	chr20	493204	-	-	-	VC-	?	?	-	-	-	-	86776	CHR20_493205_G_T	0"
"0	0	SNV	chr2	58387257	-	-	-	VC-	?	?	-	-	-	-	87044	CHR2_58387258_A_G	0"
"0	0	SNV	chr9	8454619	-	-	-	VC-	?	?	-	-	-	-	87072	CHR9_8454620_G_A	0"
"0	0	DEL	chr9	8527143	-	-	-	VC-	?	?	-	-	-	-	87073	CHR9_8527144_AC_A	0"
"0	0	DEL	chr9	8527272	-	-	-	VC-	?	?	-	-	-	-	87075	CHR9_8527273_TTAA_T	0"
"0	0	SNV	chr9	8527275	-	-	-	VC-	?	?	-	-	-	-	87076	CHR9_8527276_A_T	0"
"0	0	SNV	chr9	98239189	-	-	-	VC-	?	?	-	-	-	-	87077	CHR9_98239190_G_C	0"
"0	0	SNV	chr9	139407456	-	-	-	VC-	?	?	-	-	-	-	87079	CHR9_139407457_C_T	0"
"0	0	DEL	chr13	114538938	-	-	-	VC-	?	?	-	-	-	-	87109	CHR13_114538939_GC_G	0"
"0	0	SNV	chr17	7578145	-	-	-	VC-	?	?	-	-	-	-	87124	CHR17_7578146_T_C	0"
"0	0	SNV	chr17	37850776	-	-	-	VC-	?	?	-	-	-	-	87130	CHR17_37850777_C_T	0"
"0	0	DEL	chr20	52197947	-	-	-	VC-	?	?	-	-	-	-	87136	CHR20_52197948_GAGAC_G	0"
"0	0	SNV	chr3	10081544	-	-	-	VC-	?	?	-	-	-	-	87144	CHR3_10081545_G_C	0"
"0	0	SNV	chr4	185339893	-	-	-	VC-	?	?	-	-	-	-	87154	CHR4_185339894_G_A	0"
"0	0	SNV	chr9	135782276	-	-	-	VC-	?	?	-	-	-	-	87179	CHR9_135782277_G_C	0"
"0	0	SNV	chr12	25391238	-	-	-	VC-	?	?	-	-	-	-	87191	CHR12_25391239_G_C	0"
"0	0	SNV	chr12	25400205	-	-	-	VC-	?	?	-	-	-	-	87192	CHR12_25400206_G_T	0"
"0	0	SNV	chr14	105256574	-	-	-	VC-	?	?	-	-	-	-	87660	CHR14_105256575_A_T	0"
"0	0	SNV	chr14	105257801	-	-	-	VC-	?	?	-	-	-	-	87661	CHR14_105257802_G_A	0"
"0	0	SNV	chr14	105258066	-	-	-	VC-	?	?	-	-	-	-	87662	CHR14_105258067_G_A	0"
"0	0	SNV	chr19	50909764	-	-	-	VC-	?	?	-	-	-	-	87777	CHR19_50909765_C_T	0"
"0	0	SNV	chr9	139399069	-	-	-	VC-	?	?	-	-	-	-	88256	CHR9_139399070_G_A	0"
"0	0	SNV	chr13	32912559	-	-	-	VC-	?	?	-	-	-	-	88557	CHR13_32912560_G_A	0"
"0	0	INS	chr13	48954245	-	-	-	VC-	?	?	-	-	-	-	89984	CHR13_48954246_ATTTTTTTC_AATTTTTTTTC	0"
"0	0	INS	chr13	48954245	-	-	-	VC-	?	?	-	-	-	-	89985	CHR13_48954246_ATTTTTTTC_ATTTTTTTCT	0"
"0	0	INS	chr13	48954245	-	-	-	VC-	?	?	-	-	-	-	89986	CHR13_48954246_ATTTTTTTC_ATTTTTTTTC	0"
"0	0	SNV	chr22	30069206	-	-	-	VC-	?	?	-	-	-	-	90122	CHR22_30069207_C_T	0"
"0	0	SNV	chr19	10610016	-	-	-	VC-	?	?	-	-	-	-	90657	CHR19_10610017_G_C	0"
"0	0	SNV	chr10	123271145	-	-	-	VC-	?	?	-	-	-	-	91548	CHR10_123271146_G_A	0"
"0	0	SNV	chr10	8100437	-	-	-	VC-	?	?	-	-	-	-	93285	CHR10_8100438_T_C	0"
"0	0	SNV	chr13	114526616	-	-	-	VC-	?	?	-	-	-	-	93351	CHR13_114526617_G_C	0"
"0	0	SNV	chr4	66231685	EPHA5	c.2014G>A	p.A672T	VC+	0.4869	?	Probably Polymorphism	-	-	-	95616	CHR4_66231686_C_T	0"
"0	0	SNV	chr12	25401875	-	-	-	VC-	?	?	-	-	-	-	97736	CHR12_25401876_T_C	0"
"0	0	SNV	chr17	29508453	NF1	c.601T>A	p.F201I	VC-	?	?	-	-	-	-	97945	CHR17_29508454_T_A	0"
"0	0	SNV	chr7	41801327	-	-	-	VC-	?	?	-	-	-	-	99004	CHR7_41801328_AG_GA	0"
"0	0	DEL	chr3	52443961	-	-	-	VC-	?	?	-	-	-	-	99620	CHR3_52443962_GC_G	0"
"0	0	SNV	chr3	52443961	-	-	-	VC-	?	?	-	-	-	-	99785	CHR3_52443962_GC_CG	0"
"0	0	DEL	chr12	133220096	-	-	-	VC-	?	?	-	-	-	-	99836	CHR12_133220097_ACCACACACA_ACACACACA	0"
"0	0	DEL	chr12	133220096	-	-	-	VC-	?	?	-	-	-	-	99837	CHR12_133220097_ACCACACACA_ACCACACA	0"
"0	0	INS	chr12	133220096	-	-	-	VC-	?	?	-	-	-	-	99838	CHR12_133220097_ACCACACACA_ACCACACACAC	0"
"0	0	SNV	chr13	114538939	-	-	-	VC-	?	?	-	-	-	-	99844	CHR13_114538940_C_G	0"
"0	0	SNV	chr2	234668714	-	-	-	VC-	?	?	-	-	-	-	99997	CHR2_234668715_T_C	0"
"1	1	INS	chr3	52437853	BAP1	c.1307_1308insTGATGGGA	p.V439*	VC+	0.1295	?	Damaging	-	-	-	99998	CHR3_52437854_T_TTCCCATCA	0"
"1	1	SNV	chr3	52437854	BAP1	c.1306C>A	p.Q436K	VC+	0.1494	?	Unknown	-	-	-	99999	CHR3_52437855_G_T	0"
"0	0	INS	chr3	52437855	BAP1	c.1305_1306insATGCTGCTGATGGGTTCT	p.P442_N443ins*WVLPT	VC+	0.3586	?	-	-	-	-	100000	CHR3_52437856_C_CAGAACCCATCAGCAGCAT	0"
"0	0	SNV	chr3	89480531	-	-	-	VC-	?	?	-	-	-	-	100001	CHR3_89480532_T_C	0"
"0	0	SNV	chr3	181430645	-	-	-	VC-	?	?	-	-	-	-	100002	CHR3_181430646_G_A	0"
"1	1	SNV	chr5	112111319	APC	c.423-6A>G	-	VC+	0.0561	?	Unknown	-	-	-	100003	CHR5_112111320_A_G	0"
"0	0	SNV	chr6	117632401	-	-	-	VC-	?	?	-	-	-	-	100004	CHR6_117632402_A_G	0"
"0	0	SNV	chr6	117647486	-	-	-	VC-	?	?	-	-	-	-	100005	CHR6_117647487_G_A	0"
"0	0	SNV	chr9	8317977	-	-	-	VC-	?	?	-	-	-	-	100006	CHR9_8317978_G_A	0"
"1	1	DEL	chr9	21974725	CDKN2A	c.84_101delTGCGGGCGCTGCTGGAGG	p.V28_E33del	VC+	0.6231	?	Damaging	-	-	-	100007	CHR9_21974726_GCCTCCAGCAGCGCCCGCA_G	0"
"1	1	SNV	chr9	135797312	TSC1	c.556G>A	p.A186T	VC+	0.5885	?	Unknown	-	-	-	100008	CHR9_135797313_C_T	0"
"0	0	SNV	chr9	139399811	-	-	-	VC-	?	?	-	-	-	-	100009	CHR9_139399812_G_A	0"
"0	0	DEL	chr10	8115667	-	-	-	VC-	?	?	-	-	-	-	100010	CHR10_8115668_TAAAAAAAA_TAAAA	0"
"0	0	SNV	chr10	8115675	-	-	-	VC-	?	?	-	-	-	-	100011	CHR10_8115676_A_G	0"
"0	0	SNV	chr11	314207	-	-	-	VC-	?	?	-	-	-	-	100012	CHR11_314208_CA_AC	0"
"0	0	SNV	chr12	133241887	-	-	-	VC-	?	?	-	-	-	-	100013	CHR12_133241888_C_T	0"
"0	0	INS	chr13	32900166	-	-	-	VC-	?	?	-	-	-	-	100014	CHR13_32900167_T_TA	0"
"0	0	INS	chr13	32900166	-	-	-	VC-	?	?	-	-	-	-	100015	CHR13_32900167_T_TTA	0"
"0	0	SNV	chr13	48954246	-	-	-	VC-	?	?	-	-	-	-	100016	CHR13_48954247_T_A	0"
"0	0	DEL	chr13	48954245	-	-	-	VC-	?	?	-	-	-	-	100017	CHR13_48954246_ATTTTTTTC_ATTTTTTC	0"
"1	1	DEL	chr17	7579528	TP53	c.151_158delTGAACAAT	p.I50Mfs*342	VC+	0.5954	?	Damaging	-	-	-	100018	CHR17_7579529_CATTGTTCA_C	0"
"0	0	SNV	chr17	29685659	-	-	-	VC-	?	?	-	-	-	-	100019	CHR17_29685660_G_A	0"
"0	0	SNV	chr17	38563677	-	-	-	VC-	?	?	-	-	-	-	100020	CHR17_38563678_G_A	0"
"0	0	SNV	chr17	56769965	-	-	-	VC-	?	?	-	-	-	-	100021	CHR17_56769966_C_T	0"
"0	0	DEL	chr19	11144255	-	-	-	VC-	?	?	-	-	-	-	100022	CHR19_11144256_ATTTTTGT_ATTTTTG	0"
"0	0	INS	chr19	11144255	-	-	-	VC-	?	?	-	-	-	-	100023	CHR19_11144256_ATTTTTGT_ATTTTTTGT	0"
"0	0	SNV	chr20	493109	-	-	-	VC-	?	?	-	-	-	-	100024	CHR20_493110_G_A	0"
"0	0	SNV	chr22	42524243	-	-	-	VC-	?	?	-	-	-	-	100025	CHR22_42524244_T_G	0"
"0	0	INS	chr22	42524242	-	-	-	VC-	?	?	-	-	-	-	100026	CHR22_42524243_CT_CGT	0"
"0	0	SNV	chrx	66773918	-	-	-	VC-	?	?	-	-	-	-	100027	CHRX_66773919_G_A	0"
"0	0	SNV	chrx	66833445	-	-	-	VC-	?	?	-	-	-	-	100028	CHRX_66833446_C_A	0"
